size,rolling_np,rolling_numba,rolling_pandas,ewma_np,ewma_pandas
10000,0.00025939999613910913,0.6898469000007026,0.0006532999977935106,0.003228699992178008,0.0003535000141710043
100000,0.001524099992820993,0.0017896000063046813,0.0027342999819666147,0.025441299978410825,0.0010575999913271517
1000000,0.01543979998677969,0.016808099986519665,0.03216560001601465,0.25254640000639483,0.012179499986814335
