size,rolling_np,rolling_numba,rolling_pandas,ewma_np,ewma_pandas,fft,band_pass
10000,0.0002316999998583924,2.6869322000002285,0.0021657000015693484,0.003026099999260623,0.00037399999928311445,0.000357599999915692,0.0010233000011794502
100000,0.0015876999987085583,0.0029654000009031733,0.003382999999303138,0.028532199999972363,0.002122399999279878,0.004705600000306731,0.008793200000582146
1000000,0.01790190000065195,0.018201099999714643,0.03421610000077635,0.27822999999989406,0.012996999999813852,0.03717299999880197,0.09368470000117668
